"maior_valor_gasto","media_valor_gasto","min_valor_gasto","sexo"
4686.93,1808.3925026711672,530.36,"M"
4776.58,1839.622508686382,510.16,"F"
